hospital_id,label,split,r_peaks,flagged_pvc,pvc_kept,narrow_width_ms,wide_width_ms,gap_ms,frac_pvc_closer_to_pvc_template,median_r_pvc_template,median_r_normal_template
702840,RVOT,train,10,3,3,30.5,90.0,53.0,1.0,0.9930821014311505,0.7926781425129855
707139,RVOT,train,22,6,6,17.5,174.5,143.5,1.0,0.9978829044222517,0.05063454821540964
708534,RVOT,train,21,5,5,22.75,132.0,94.5,1.0,0.9508768164321685,0.3849255867208603
707971,RVOT,train,19,10,9,32.5,94.75,51.0,1.0,0.9976833086685395,0.7117600960099071
740908,RVOT,test,13,1,1,35.25,119.0,68.0,,,
741310,RVOT,train,9,3,3,75.25,81.5,4.0,1.0,0.9989913049561175,0.9075652845375349
740262,RVOT,train,15,9,9,41.25,134.0,60.0,1.0,0.9956984631153092,0.7779190036875115
742264,RVOT,train,13,3,3,34.0,117.5,73.5,1.0,0.997361412051599,0.7478583225508794
743463,RVOT,test,8,4,4,28.75,85.75,55.0,1.0,0.9998399673865528,0.7375064772039113
744192,RVOT,train,20,5,4,24.5,75.5,48.5,1.0,0.9987432258852231,0.7388151913108814
744169,RVOT,train,11,5,5,19.0,192.0,170.5,1.0,0.9961538157204396,0.5658828988207284
744657,RVOT,test,9,3,3,25.75,94.0,63.0,1.0,0.9960241934310278,0.6231495235003304
745450,RVOT,train,17,6,5,31.5,97.25,54.0,1.0,0.9483357937625629,0.7048064603907438
745648,RVOT,train,11,1,1,24.5,90.5,63.5,,,
757870,RVOT,test,25,12,12,30.5,102.75,67.0,1.0,0.9931766568249796,0.6443618375832628
757884,RVOT,train,16,3,3,28.0,100.5,71.5,1.0,0.9987449377265031,0.600448645167464
760212,RVOT,train,33,2,2,21.5,201.0,117.5,1.0,0.9874846235180408,0.4203606543569688
760568,RVOT,train,4,1,1,31.5,120.5,87.5,,,
762585,RVOT,train,18,17,17,1.5,275.0,149.5,0.11764705882352941,0.883680804653073,0.9900692599642271
762912,LVOT,train,13,6,6,26.5,109.75,47.5,1.0,0.9971428662294233,0.8065495823975763
763536,RVOT,train,18,2,2,25.25,105.5,67.0,1.0,0.9937191119936487,0.714626612183036
763863,LVOT,test,18,4,4,32.25,76.75,40.0,1.0,0.996516074241834,0.8243479560618958
763975,RVOT,train,22,10,10,25.25,106.5,49.0,1.0,0.9704296799113342,0.6500630203673674
765410,LVOT,test,24,5,5,36.5,99.5,57.0,1.0,0.9990796186288728,0.7924421597846198
766507,RVOT,train,17,6,6,26.5,136.5,86.0,1.0,0.991761842028523,0.5406825034429577
766688,RVOT,train,14,1,1,26.5,211.5,96.5,,,
767156,LVOT,train,12,6,5,37.0,73.25,28.5,1.0,0.9991358171665486,0.9044392740944055
767643,RVOT,test,17,5,4,24.75,112.5,61.5,1.0,0.9682572632745359,0.6485886356676754
770123,RVOT,train,13,2,2,26.5,77.25,33.5,1.0,0.9911882885535215,0.7630832401632542
777318,RVOT,train,89,1,1,26.5,223.0,73.5,,,
777221,RVOT,train,24,9,9,30.0,119.5,65.5,1.0,0.9980967650656046,0.7491796978700559
777461,LVOT,train,11,1,1,26.0,111.5,83.5,,,
778335,RVOT,test,21,3,3,37.5,113.0,74.5,1.0,0.9993652953695633,0.6662734997605194
778240,RVOT,train,67,6,6,24.0,130.5,80.5,1.0,0.986843655178707,0.6540739154587158
778062,RVOT,train,10,2,2,25.25,110.25,82.0,1.0,0.9987612161330186,0.6435897412728144
778725,RVOT,train,10,3,3,27.0,90.0,49.5,1.0,0.9991422937959781,0.7275233520260648
778448,LVOT,train,20,6,6,56.0,137.75,63.0,1.0,0.9987333050994267,0.8271130101823672
779381,RVOT,train,17,4,4,30.5,149.5,110.0,1.0,0.9973904356005061,0.5224068602443389
779858,RVOT,test,11,4,4,24.0,55.0,23.0,1.0,0.9975228091419494,0.8399864439895692
779926,RVOT,train,17,7,7,32.5,119.0,65.5,1.0,0.996970976276198,0.6177826827060929
781651,LVOT,train,19,7,6,20.25,82.0,56.5,1.0,0.9979671050639338,0.49853557912037555
781873,LVOT,train,13,4,4,24.5,125.5,99.0,1.0,0.999718812602918,0.6596016666368701
781708,RVOT,test,23,7,7,29.0,90.0,55.0,1.0,0.9574753534519274,0.713566270935927
782266,LVOT,train,12,7,7,23.5,116.0,79.0,1.0,0.9874588872191602,0.6473812774533397
786873,LVOT,train,9,4,4,24.0,94.0,67.0,1.0,0.9997448827482891,0.8152986181966917
787045,LVOT,train,9,3,3,25.25,101.0,74.0,1.0,0.9996870041356656,0.7243205313563161
789853,RVOT,train,6,3,3,32.0,104.0,67.5,1.0,0.9971565392008119,0.7440866712474618
790920,RVOT,test,17,2,2,23.5,99.25,72.0,1.0,0.9995083467650856,0.4446380373752894
791097,LVOT,train,9,1,1,67.25,269.0,153.5,,,
791296,RVOT,train,10,1,1,31.0,110.0,77.5,,,
792062,RVOT,train,14,5,5,26.0,103.5,64.0,1.0,0.9986701783030987,0.7186151034210337
792403,RVOT,train,5,2,2,27.0,82.75,52.0,1.0,0.999634379093992,0.6292535352012406
793530,LVOT,train,9,3,3,26.75,134.5,90.5,1.0,0.9970074576075421,0.5547289405614163
805885,RVOT,test,8,3,3,40.5,97.5,55.5,1.0,0.9983504070018894,0.8220512980966228
805788,LVOT,train,9,1,1,69.5,183.5,70.0,,,
808536,LVOT,test,12,6,6,35.75,107.75,64.0,1.0,0.998528925186905,0.6925608650625963
809339,RVOT,train,58,13,13,32.5,111.5,46.5,0.9230769230769231,0.9969239486730497,0.7063281736910265
809442,LVOT,train,14,5,5,27.5,92.5,60.5,1.0,0.9996663683169856,0.6394541247416143
810553,LVOT,train,24,5,5,21.0,114.5,75.0,1.0,0.9977468141982053,0.6660978313917788
810713,LVOT,train,11,3,2,24.5,178.5,103.0,1.0,0.9954189833136665,0.4844337244335034
810079,RVOT,train,32,7,7,32.0,104.5,23.5,1.0,0.9889552705572713,0.7823168495146443
810867,RVOT,train,14,7,7,30.5,100.0,60.0,1.0,0.994350044633646,0.8266109679634357
811736,RVOT,test,13,3,3,26.5,84.0,55.5,1.0,0.9982627993728106,0.7637984589553444
812967,RVOT,train,16,8,8,28.0,92.5,61.5,1.0,0.9978829887750302,0.6868210053423229
813395,RVOT,train,35,21,21,32.5,124.5,51.0,0.9523809523809523,0.9651905856718077,0.6949211693649536
813999,RVOT,test,25,2,2,37.5,166.5,105.5,1.0,0.9688140589753955,0.7056341384909333
822003,RVOT,train,17,3,3,34.5,132.5,93.5,1.0,0.9983409392345807,0.586247921980807
822228,LVOT,train,13,7,7,18.5,126.5,101.5,1.0,0.9999018164860461,0.30701869512198354
824020,RVOT,train,19,8,8,110.5,264.25,71.5,1.0,0.993518716956795,-0.2484006276817622
823540,RVOT,train,11,4,4,34.0,120.75,84.5,1.0,0.9994631894328649,0.6774536560267284
825432,LVOT,train,10,3,3,26.5,110.0,75.0,1.0,0.9958917364631386,0.7689666451881407
826564,RVOT,train,18,1,1,29.0,160.0,46.5,,,
827868,RVOT,test,33,13,13,30.0,126.0,70.0,1.0,0.8353635641000074,0.6364902612026345
829049,RVOT,train,8,3,3,12.5,106.0,79.5,1.0,0.9691118327797813,0.6976193612171013
832701,RVOT,train,41,17,17,30.0,108.5,37.0,1.0,0.9880645132935393,0.6862087115552694
831663,RVOT,train,28,5,5,21.5,174.5,51.5,1.0,0.9884916783030319,0.7713483093661854
834075,RVOT,train,21,2,2,29.0,111.0,76.0,1.0,0.988773596986489,0.6301868743050139
833965,LVOT,test,23,12,12,29.0,62.25,19.0,1.0,0.9922884047387622,0.8288000890029572
833884,LVOT,test,23,2,2,32.5,77.25,37.5,1.0,0.9994356320177543,0.8560030761487346
833657,RVOT,train,22,7,7,22.5,130.5,72.5,1.0,0.9984085609374337,0.2877769667028337
835287,RVOT,train,13,3,3,28.5,97.0,53.5,1.0,0.99925198379172,0.929437213183875
836510,LVOT,train,10,3,3,26.5,114.0,85.5,1.0,0.9985500222610658,0.7213654187387376
837563,RVOT,train,45,1,1,9.5,174.5,83.0,,,
837656,RVOT,train,34,17,17,27.0,148.5,76.0,1.0,0.977473867513687,0.6773398466531618
838811,RVOT,test,22,2,2,22.5,93.5,66.5,1.0,0.9987114793300765,0.6101868340595649
839103,RVOT,test,17,5,4,23.5,103.0,43.5,1.0,0.9994484161395665,0.6249987198835336
839361,RVOT,train,14,5,5,27.5,133.5,89.0,1.0,0.9714779473366754,0.5659747950661207
839738,RVOT,test,20,4,4,23.0,119.0,58.0,1.0,0.9945663600908513,0.46016030061147856
840221,RVOT,train,19,9,9,27.0,86.0,20.0,1.0,0.9828074256247455,0.7836461685742544
840297,RVOT,train,31,22,22,29.5,96.5,26.0,0.9545454545454546,0.9796505762969692,0.6240668042654358
841624,RVOT,train,12,1,1,24.0,182.5,89.5,,,
842383,RVOT,train,9,3,3,33.0,117.5,78.0,1.0,0.850861841038712,0.615319857846361
843936,RVOT,train,19,4,4,28.0,159.0,45.0,1.0,0.9979568000484726,0.7172363117516981
844653,RVOT,test,18,2,2,26.5,103.5,74.5,1.0,0.9991056012083478,0.545567580765449
846157,RVOT,test,24,10,10,32.5,119.0,59.5,0.9,0.989678522062722,0.623165298797111
846421,RVOT,train,11,4,4,27.0,147.0,107.5,1.0,0.9969559581779326,0.47898095917791994
846909,RVOT,train,15,7,7,40.5,122.0,79.5,1.0,0.9982463147615341,0.7906452750340659
847596,RVOT,train,26,1,1,31.0,185.5,32.0,,,
848620,RVOT,train,44,3,3,57.5,189.0,42.5,1.0,0.998038972834385,0.8397507717899849
848517,RVOT,train,23,3,3,33.5,195.5,161.0,1.0,0.9995119475865549,0.7577901348809617
848545,RVOT,train,14,3,3,25.5,101.5,73.0,1.0,0.9788855664371666,0.565154762104169
849027,RVOT,train,22,6,6,25.5,99.5,73.5,1.0,0.9994102428451126,0.5755034737542845
851385,LVOT,test,13,4,4,22.0,96.0,71.5,1.0,0.9988540074414314,0.6277665353967457
851601,RVOT,train,21,10,9,20.0,76.75,39.5,0.7,0.997041346201042,0.5235350208823126
852357,RVOT,test,20,5,4,30.0,84.0,42.5,1.0,0.9924552181693187,0.7882446652899263
852061,RVOT,test,39,15,15,23.0,107.0,56.5,1.0,0.9932751062745127,0.6216210744131319
852429,LVOT,train,16,8,8,25.0,99.5,71.5,1.0,0.9997053055449592,0.7470066330376133
855066,RVOT,train,20,1,1,50.0,178.5,67.5,,,
855185,LVOT,train,13,3,3,41.25,123.0,41.0,1.0,0.9976354178963666,0.7876811173626662
855203,RVOT,train,4,1,1,34.5,128.0,93.0,,,
855840,RVOT,train,13,6,6,18.0,105.5,84.5,1.0,0.9960562070459498,0.6417674678287255
856319,LVOT,train,25,7,6,20.0,83.5,54.5,1.0,0.9991933551907919,0.5967132741196839
858661,RVOT,train,41,24,24,26.5,83.75,24.5,1.0,0.990865039830336,0.6953206960486027
859568,RVOT,train,7,3,3,14.5,97.5,81.5,1.0,0.9993372238139152,0.33885364139295987
860162,RVOT,test,18,1,1,28.0,254.0,143.0,,,
861359,RVOT,test,39,16,16,26.0,129.25,43.5,0.875,0.9679130777109262,0.5725476958626117
861318,RVOT,train,14,5,5,28.0,101.0,57.5,0.8,0.907880116216683,0.6396078565425093
861217,RVOT,train,15,6,5,24.5,98.0,68.5,1.0,0.9805581327484356,0.6131195875004838
861583,RVOT,train,40,6,6,34.0,146.5,71.0,1.0,0.9941358153467914,0.7366934933770757
861759,RVOT,train,6,1,1,38.5,91.5,52.0,,,
862892,RVOT,train,36,3,3,26.5,146.5,114.0,1.0,0.9984916116993311,0.2915034615613889
864337,RVOT,train,26,6,6,23.5,102.5,61.5,1.0,0.9986483980362371,0.6349801545098974
864482,RVOT,train,6,2,2,27.0,99.5,70.5,1.0,0.999734946872554,0.4331391418232518
864704,RVOT,train,6,1,1,37.5,91.5,52.5,,,
865441,RVOT,train,14,4,4,25.0,110.75,83.0,1.0,0.9996788986618492,0.7135501190862108
865580,RVOT,test,10,3,3,41.0,98.0,36.5,1.0,0.966214299912534,0.8001739553696706
865891,RVOT,train,20,4,4,28.0,107.25,70.5,1.0,0.9996727147733411,0.739191422778266
865749,RVOT,test,16,7,7,129.5,248.5,66.5,1.0,0.9601222571575714,0.06064963806853798
866996,LVOT,train,19,7,7,31.5,74.5,36.0,1.0,0.9925006446740186,0.8453289741171108
866682,LVOT,train,12,4,3,29.5,102.0,69.0,1.0,0.9985936198739952,0.711218466683219
868445,RVOT,train,32,14,14,30.5,94.25,43.0,1.0,0.9939845988527511,0.7624797738499995
869763,LVOT,test,10,2,2,26.0,93.5,61.5,1.0,0.9941949348073751,0.7872668836640722
870092,RVOT,train,33,3,3,22.5,109.5,62.5,1.0,0.9879892262916214,0.4968252272350007
869956,LVOT,train,14,7,7,24.5,108.5,79.0,1.0,0.9988007913560675,0.7176353295455591
869487,RVOT,test,5,2,2,31.0,79.5,45.5,1.0,0.9958717647909298,0.8304119710967949
868553,RVOT,train,14,2,2,41.75,100.75,55.0,1.0,0.9977145879555961,0.6994242610878776
871373,RVOT,train,12,6,6,26.5,95.75,67.5,1.0,0.9993942266339799,0.6392166549619245
872336,LVOT,train,14,4,4,25.5,101.75,72.0,1.0,0.9998827014732692,0.5963087453254332
872987,RVOT,train,14,3,3,38.5,109.0,64.0,1.0,0.984305699053893,0.7287349007302149
873791,RVOT,train,5,1,1,29.5,90.5,60.5,,,
875326,RVOT,train,9,4,4,34.5,91.5,53.5,1.0,0.9977067449613843,0.7710600628107643
875558,RVOT,train,10,6,6,29.5,95.5,49.5,1.0,0.990162746507417,0.7243248189727096
875515,LVOT,train,20,1,1,26.5,59.5,22.0,,,
875993,RVOT,test,25,4,4,28.0,89.5,60.0,1.0,0.992453175469582,0.7533137783586825
877229,RVOT,train,13,5,5,30.25,133.5,101.0,1.0,0.9897365032525235,0.633319545722211
877489,LVOT,train,9,5,4,32.25,113.0,78.5,1.0,0.9998123534561043,0.7498260909935105
879425,LVOT,train,3,1,1,36.0,105.5,68.0,,,
880806,RVOT,train,8,2,2,24.25,99.75,73.5,1.0,0.9939287447273524,0.5658656564088489
880464,LVOT,train,12,5,5,29.0,100.5,61.5,1.0,0.9981019372287872,0.7693233134220892
881401,RVOT,train,10,3,3,38.5,90.0,42.5,1.0,0.997100956649694,0.8587304779156686
882325,RVOT,train,17,6,6,27.5,92.25,51.0,1.0,0.9989758467134983,0.7323795185305838
882311,RVOT,train,7,4,3,29.5,92.0,55.5,1.0,0.9915347869468859,0.6095446900734022
883440,RVOT,train,65,18,18,31.0,72.25,15.0,1.0,0.9764081203197148,0.8287738131476227
885118,RVOT,train,15,6,6,25.0,96.75,68.5,0.8333333333333334,0.9972671753665403,0.6752945928972036
885079,RVOT,train,12,3,3,30.0,111.0,73.5,1.0,0.9935237095991409,0.672614182490023
886784,RVOT,train,23,15,15,37.0,115.0,53.0,0.9333333333333333,0.9619160375723544,0.7557522712997793
887779,LVOT,train,13,7,6,25.75,65.0,34.0,1.0,0.9992608642947594,0.8005295658977588
887948,LVOT,test,16,15,14,3.0,250.0,159.5,0.3333333333333333,0.3868281547766964,0.7871940281388559
888241,LVOT,train,3,1,1,35.75,108.0,72.0,,,
888019,RVOT,train,12,6,6,26.5,92.5,62.5,1.0,0.9999603095449267,0.7319612138352938
891363,LVOT,train,19,8,8,18.0,121.25,35.0,1.0,0.9945599948302255,0.4819490383973536
893197,RVOT,train,20,6,5,16.75,108.0,78.0,1.0,0.9976335186121568,0.182566443224119
893481,LVOT,train,10,6,5,23.75,83.25,56.5,1.0,0.999619572741238,0.6887131818689647
893994,RVOT,test,6,1,1,16.0,94.0,74.0,,,
896260,RVOT,test,19,1,1,31.75,126.5,47.0,,,
897211,RVOT,train,14,1,1,43.5,179.5,69.5,,,
898142,RVOT,train,15,3,3,29.5,128.5,86.0,1.0,0.9967501672507262,0.7101465270152224
899270,LVOT,train,11,3,3,22.5,104.0,78.0,1.0,0.9986027591784472,0.6159054548951276
898498,RVOT,train,12,6,6,28.0,82.5,53.0,1.0,0.9995177704116884,0.5756520397961069
899182,RVOT,train,9,3,2,23.0,113.0,56.0,0.6666666666666666,0.9811751829462543,0.5737644298442335
899822,RVOT,test,29,7,6,29.0,97.5,46.0,1.0,0.9964162990909397,0.580031758013955
902131,RVOT,train,18,8,8,27.25,99.25,61.0,1.0,0.9940018599076471,0.646268069592445
901632,LVOT,train,18,2,2,33.0,103.5,64.5,1.0,0.9961719956263202,0.7903245216819483
902441,LVOT,train,6,3,2,29.5,87.5,46.0,1.0,0.9997906135481824,0.8491762068551214
903690,RVOT,train,42,2,2,35.5,105.75,66.0,1.0,0.9878791860385033,0.7123045276188826
904933,LVOT,train,7,2,2,29.5,98.75,67.5,1.0,0.9996910043355774,0.7122667871123332
905245,RVOT,train,10,5,5,66.5,108.5,39.0,1.0,0.9996851536674649,0.9279462797774873
906279,RVOT,train,13,5,5,25.5,101.0,64.5,1.0,0.9844279480758675,0.6339221663397403
906321,LVOT,train,10,3,3,18.5,103.0,73.5,1.0,0.9931266320578176,0.6120920831174559
907716,RVOT,train,9,5,4,26.25,121.5,80.5,1.0,0.9457024807151618,0.6165545141985043
907714,RVOT,test,10,2,2,29.5,125.75,90.5,1.0,0.9990167083354802,0.7054942588270692
909086,RVOT,test,14,7,6,27.0,86.0,39.0,1.0,0.9975883356672139,0.7730964727381757
909279,RVOT,train,15,1,1,25.25,218.5,134.5,,,
910370,RVOT,train,11,3,3,34.25,117.5,72.0,1.0,0.9930365677929003,0.729666443720144
911986,LVOT,train,10,3,3,27.5,167.5,96.0,1.0,0.9974102262745743,0.650670043216505
911001,RVOT,test,18,6,6,36.25,118.0,43.0,1.0,0.9935853989634327,0.6977570939163262
914333,LVOT,train,14,6,6,31.25,79.0,43.0,1.0,0.9992683614774254,0.8510610183792326
915010,RVOT,train,20,5,5,22.0,102.5,71.5,1.0,0.9971505627072108,0.4977023712601376
914921,RVOT,train,42,22,22,27.25,118.0,41.5,0.9545454545454546,0.9855893953392518,0.5692987621937565
915065,LVOT,train,16,4,4,35.0,83.25,45.0,1.0,0.999087503178582,0.8741260740087635
915033,RVOT,train,18,1,1,41.0,135.5,47.5,,,
916739,LVOT,train,16,8,7,27.0,82.5,54.0,1.0,0.9998164964516536,0.791762040774369
917348,RVOT,train,22,2,2,27.5,198.75,160.0,1.0,0.992182637200212,0.5585438282714354
919232,RVOT,train,10,3,3,27.0,89.0,49.5,1.0,0.9555279444019158,0.7378609967089488
920827,RVOT,train,7,1,1,25.25,99.0,67.5,,,
920969,LVOT,train,17,1,1,95.5,245.5,78.5,,,
921728,RVOT,train,28,10,10,30.0,112.5,72.5,1.0,0.9388994522940355,0.6249043004276867
922658,RVOT,train,38,9,9,18.0,170.5,57.5,1.0,0.9960123373533285,0.5266669402091554
923938,RVOT,train,26,2,2,32.0,150.25,103.5,0.0,-0.3244517080379525,0.20237426764629982
924315,RVOT,train,35,12,12,27.0,86.75,58.5,1.0,0.9998946022111643,0.6778033016590738
924959,RVOT,train,18,10,9,28.0,110.0,58.5,1.0,0.9874692942332965,0.6157365459519356
926419,RVOT,test,20,4,4,23.25,101.25,71.5,1.0,0.9972738848189053,0.13702664605442427
928501,LVOT,test,18,1,1,88.0,270.0,95.5,,,
929662,LVOT,test,47,34,34,23.0,80.0,31.5,1.0,0.998509177280237,0.7601666505274742
928596,RVOT,train,10,4,4,31.75,125.25,46.0,1.0,0.9988931114250775,0.617094888721103
930882,RVOT,train,11,2,2,26.0,174.25,146.0,1.0,0.9845660633527813,0.6195675666626946
931393,RVOT,test,27,6,6,26.0,116.0,84.5,1.0,0.9961881275747134,0.7000493194776454
931371,RVOT,train,28,3,3,28.0,216.0,86.5,1.0,0.9992095432924518,0.6863231249211529
932457,RVOT,train,59,3,3,23.0,226.0,80.5,1.0,0.9986861013999847,0.9260454276367568
933908,LVOT,train,12,1,1,57.5,130.0,30.5,,,
935074,RVOT,test,16,8,7,26.0,118.75,89.5,1.0,0.9984294117117332,0.7128770053236517
935802,RVOT,train,34,11,11,23.5,128.5,68.0,1.0,0.9841038733319788,0.5305847713735348
936021,RVOT,train,10,2,2,26.5,121.5,87.0,1.0,0.9968230279158592,0.4927276258904322
936628,RVOT,train,26,5,5,33.0,119.0,80.5,1.0,0.8964528085212395,0.6375538956048054
937071,LVOT,train,21,5,5,27.5,99.0,67.0,1.0,0.9995145532907925,0.7805925054563821
937352,LVOT,train,23,6,6,21.5,113.5,84.0,1.0,0.9909406643546987,0.5773102959821212
937329,RVOT,train,21,5,5,32.25,96.5,54.5,1.0,0.9997446736766183,0.848992489823166
938165,RVOT,test,72,2,2,34.5,164.25,43.5,1.0,0.7617972236935511,-0.4002460076846192
939371,RVOT,test,22,2,2,36.75,83.25,38.0,1.0,0.9809240244309277,0.8545917699967902
940412,RVOT,train,84,29,29,26.5,89.5,50.5,1.0,0.9994141035764388,0.668849868914706
939853,LVOT,train,21,6,6,38.5,192.0,147.5,1.0,0.9994888740726287,0.7462508799352681
941599,RVOT,train,17,6,6,29.5,109.0,63.5,1.0,0.9930199488070836,0.7611399318952001
944160,RVOT,train,8,2,2,20.75,102.25,77.5,1.0,0.9944642964517029,0.7268747849396078
944739,RVOT,train,35,3,3,29.25,105.5,73.0,1.0,0.9988751236916756,0.6639126019591174
946273,RVOT,train,10,2,2,22.75,132.0,54.0,1.0,0.9803015521621006,0.009967942517307524
948109,RVOT,train,7,2,2,24.5,117.0,92.0,1.0,0.9989711317191021,0.6820318051889183
949589,RVOT,train,19,6,6,36.0,112.5,71.5,1.0,0.997997303864498,0.8198654123784788
949989,RVOT,train,20,8,8,32.5,122.0,76.5,0.875,0.9933520785789621,0.6290103793642323
950311,RVOT,test,12,3,3,33.0,92.5,57.0,1.0,0.9959862300890546,0.7481952865931938
951465,LVOT,train,11,10,9,6.5,208.0,136.5,0.5,0.8281587739958416,0.7727464089977402
951633,LVOT,train,13,3,3,26.0,85.0,55.5,1.0,0.9997791858146172,0.6734787032436461
952036,RVOT,train,49,21,21,19.0,80.5,22.0,1.0,0.9649077776591971,0.5011488438257409
953509,RVOT,train,4,2,2,26.5,116.25,84.0,1.0,0.9836248644245236,0.7011025722056952
954965,RVOT,train,12,6,6,28.75,103.5,53.0,1.0,0.9972459517075953,0.7303430284507497
954933,RVOT,train,50,35,35,30.5,111.5,43.0,1.0,0.9966762174731673,0.6800590808556214
954735,RVOT,train,25,12,12,33.5,89.0,47.5,1.0,0.9678388990494008,0.7649111556419808
954891,RVOT,train,23,6,6,32.5,141.75,45.0,1.0,0.9926445833256112,0.7692390502280473
956618,RVOT,train,8,4,4,30.5,94.5,55.5,1.0,0.9672184543315684,0.6881762083644501
957816,RVOT,train,14,4,4,27.5,86.75,52.5,1.0,0.9991847638549682,0.7672636324544673
958132,RVOT,train,9,3,3,27.5,90.5,60.0,1.0,0.9963601215884118,0.7193114518207087
959162,LVOT,test,8,2,2,31.0,104.0,71.0,1.0,0.9996297025052061,0.7258711500252724
959754,RVOT,train,7,4,4,33.0,103.0,68.0,1.0,0.9892565310656144,0.670874097666581
960365,LVOT,test,10,4,4,29.25,112.25,74.0,1.0,0.9996195131304728,0.6995039620133034
962438,RVOT,train,13,2,1,29.5,119.5,78.0,1.0,0.9763578837819433,0.6852453767494158
962668,RVOT,train,11,8,7,22.0,102.25,69.0,0.875,0.990772827726089,0.6008352817465511
964638,LVOT,train,34,14,14,32.5,104.75,64.5,0.9285714285714286,0.9997875997000201,0.7035364818468757
965382,RVOT,train,31,10,10,28.0,98.75,51.5,1.0,0.9598582894176293,0.7370267745864674
966796,RVOT,train,26,5,5,28.5,102.0,68.0,1.0,0.9965645704462184,0.6744587718981893
966571,LVOT,train,13,4,4,14.0,91.25,74.5,1.0,0.9998278737862563,0.6296174521700926
966801,RVOT,train,14,2,2,31.0,140.0,108.0,1.0,0.9990544462631773,0.700016371461262
967769,RVOT,test,16,8,8,22.0,80.25,50.5,1.0,0.9547599548083205,0.5032029453308716
969272,RVOT,train,10,5,5,29.0,133.0,77.0,0.8,0.7937950915115962,0.6482878468917476
970213,RVOT,train,25,5,5,39.25,167.5,91.5,1.0,0.998842753440003,0.6518058003925028
970087,RVOT,train,22,8,8,25.5,102.25,36.5,0.5,0.2553232477805342,0.5651763957687121
973061,RVOT,train,31,10,9,23.0,105.0,65.0,1.0,0.9762839677516258,0.6124461835982385
974495,RVOT,test,18,9,8,21.0,110.5,70.0,1.0,0.9978412964897122,0.5327589120157022
976147,RVOT,train,16,6,6,24.0,130.5,94.5,1.0,0.9985509485175792,0.5705209298526115
976401,RVOT,train,15,5,5,23.75,92.0,63.0,1.0,0.9351668894929345,0.5680284282199448
976359,RVOT,train,40,7,7,33.0,132.0,83.5,1.0,0.9980035608061564,0.6825379051383516
977412,RVOT,train,35,20,20,33.0,108.75,60.5,1.0,0.9668427584255699,0.7111816702534344
976913,RVOT,train,18,8,8,26.25,103.25,67.5,1.0,0.9972740977819737,0.7177298114619087
978916,RVOT,train,37,1,1,32.5,180.0,47.0,,,
980242,RVOT,train,11,3,2,30.5,99.5,66.0,1.0,0.9930522427256706,0.6978681640988359
981890,RVOT,test,14,7,7,28.5,88.5,56.0,1.0,0.9990073483937186,0.6204313223548403
982506,RVOT,train,6,3,2,32.5,93.5,49.5,1.0,0.9444311087601412,0.7334924993192684
986604,RVOT,train,14,7,7,20.5,92.0,58.5,1.0,0.9929211744807825,0.3100697254763402
988077,RVOT,train,24,7,7,28.5,81.5,48.5,1.0,0.9989818235905602,0.6633818802932894
988362,RVOT,train,12,4,4,35.25,103.75,54.0,1.0,0.9965607845206899,0.677685249932859
988990,RVOT,train,12,1,1,19.5,178.0,44.5,,,
990201,LVOT,train,10,5,5,24.0,102.0,71.5,1.0,0.9995607835379454,0.6667746955779249
990964,LVOT,train,19,7,7,27.5,109.0,36.0,1.0,0.9940687930370448,0.7516494375111948
990309,LVOT,test,16,5,5,28.5,89.5,55.5,1.0,0.9996625334735506,0.8010502392626457
990904,RVOT,train,17,8,8,26.5,119.0,85.0,1.0,0.9989235860160892,0.4798957418784854
991591,RVOT,test,15,5,5,34.0,114.5,66.0,1.0,0.9974375948608846,0.6394983211989645
992913,LVOT,train,18,3,3,23.5,148.5,96.0,1.0,0.9969043585105442,0.6113086076965407
997591,RVOT,train,14,4,4,20.75,105.25,78.0,1.0,0.9990262554588518,0.5696208658847177
998419,RVOT,train,11,5,5,29.5,86.5,54.5,1.0,0.9992964837297359,0.7392668048141241
999741,RVOT,train,47,13,13,11.25,126.0,59.0,1.0,0.9959963940562034,-0.13068587916141117
1000364,RVOT,train,7,1,1,20.0,110.5,90.0,,,
1000436,RVOT,test,7,4,3,34.5,83.0,28.5,1.0,0.998676546707949,0.7672059361566607
1003549,RVOT,train,21,5,5,33.0,135.0,84.5,1.0,0.9972888538952007,0.6605295565549432
1003838,RVOT,train,37,5,5,29.5,102.0,69.5,1.0,0.9999350121522156,0.6936834935952693
1010096,LVOT,train,11,6,6,35.0,87.75,51.0,1.0,0.9997942035428842,0.8661023921431088
1009731,RVOT,test,20,4,4,30.0,184.5,126.5,1.0,0.9896434787397008,0.73826687277234
1010240,RVOT,test,26,2,2,22.0,141.0,85.0,0.5,0.296610433358358,0.30949964410227526
1011746,LVOT,train,38,18,18,27.0,99.25,66.5,1.0,0.9998140155391547,0.7345302231356499
1012874,RVOT,train,57,1,1,30.5,148.0,42.5,,,
1014397,RVOT,train,24,8,8,32.0,152.25,75.5,1.0,0.9977293072035306,0.7714099831205112
1014570,RVOT,train,27,5,5,40.0,119.5,70.5,1.0,0.9968615246724684,0.6954276814775788
1015313,LVOT,train,4,1,1,27.5,97.0,68.5,,,
1015792,RVOT,train,18,5,5,30.0,87.5,56.5,1.0,0.9997007659645833,0.7474241758028346
1016888,RVOT,train,31,2,2,23.0,163.0,74.5,1.0,0.9974984464266674,0.5733823829869469
1018517,RVOT,train,7,2,2,30.5,93.0,53.5,1.0,0.9975489742244451,0.7519868854463068
1018576,RVOT,test,29,3,3,29.75,152.5,32.0,1.0,0.9534043215024766,0.9255146928215293
1018951,RVOT,train,16,1,1,26.5,92.0,60.5,,,
1020065,RVOT,test,15,8,7,24.0,86.25,45.5,1.0,0.9978213175288906,0.7528160551572896
1021446,RVOT,train,6,3,3,23.5,211.5,126.5,1.0,0.9961519096925497,0.4186881053437055
1022064,RVOT,train,32,6,6,35.5,95.25,37.5,1.0,0.9717614357934439,0.7968194927193439
1022324,LVOT,test,14,4,4,26.0,97.25,68.5,1.0,0.9995199109036466,0.6645149446699674
1023765,RVOT,train,22,4,4,28.5,99.5,46.5,1.0,0.9686687723856545,0.600359789022064
1024499,RVOT,train,17,5,5,30.5,110.5,61.0,1.0,0.9969982963254884,0.6803343446052451
1024883,RVOT,train,11,6,6,38.0,102.25,53.5,1.0,0.885079106976236,0.696596482014183
1024809,RVOT,test,21,8,8,37.5,133.25,69.0,1.0,0.8509418477746165,0.7210119230237914
1025769,RVOT,train,15,7,6,19.75,107.0,28.5,1.0,0.9724042049149587,0.6586595363709788
1026923,RVOT,train,29,1,1,14.0,276.5,78.5,,,
1027733,RVOT,train,13,4,4,26.5,109.5,63.0,1.0,0.9979753949772294,0.510185816570536
1029327,RVOT,train,81,18,18,22.0,183.5,134.5,1.0,0.9976657680498733,0.4626704008277025
1029683,LVOT,test,16,3,3,29.0,115.0,71.0,1.0,0.9990846566554856,0.8096505800978564
1030919,RVOT,test,35,5,5,39.25,148.5,40.5,1.0,0.8785283436040882,0.7358012295545858
1032830,RVOT,train,13,1,1,22.0,291.0,189.5,,,
1033064,LVOT,train,13,4,4,20.0,99.5,73.5,1.0,0.99955427554862,0.6277416681010759
1033211,RVOT,train,15,3,3,41.25,114.0,67.0,1.0,0.9992975466570543,0.6617322610539736
1034625,RVOT,train,13,6,6,27.0,96.75,65.0,1.0,0.9976267559830096,0.5818116074458621
1034448,RVOT,train,32,2,2,20.0,128.25,103.0,1.0,0.9996411396066747,0.321456513123082
1036425,RVOT,test,12,3,3,30.0,88.0,55.5,1.0,0.9972897147466993,0.5880002942215292
1035943,LVOT,train,42,2,2,33.75,242.5,55.5,1.0,0.8960899146464796,0.22364484643835375
1037884,RVOT,train,9,3,3,30.0,187.5,157.0,1.0,0.9988565318735679,0.6659334778863947
1038743,LVOT,train,8,3,3,29.0,107.5,66.0,1.0,0.9940086728986247,0.6489252977451084
1039602,RVOT,train,29,8,8,27.0,95.75,65.5,1.0,0.9967076070698264,0.688702272505689
1041003,RVOT,train,48,2,2,51.75,100.25,26.0,1.0,0.9909163874997662,0.8957504357041342
1064513,RVOT,train,17,6,6,32.0,174.25,108.0,1.0,0.9982778201874014,0.576263696099961
1064886,RVOT,train,15,4,4,20.5,105.5,82.5,1.0,0.9997586753364407,0.47930742760986955
1067472,RVOT,train,10,2,2,28.25,106.0,74.0,1.0,0.9997619444687527,0.7448285393607808
1067416,RVOT,train,16,8,8,31.5,138.5,102.5,1.0,0.8531042449378488,0.6296386504285152
1067551,RVOT,train,14,5,5,29.5,161.0,96.0,1.0,0.9986958558105039,0.6738734220014735
1067684,RVOT,train,13,6,6,23.0,113.25,77.0,1.0,0.9982617195505049,0.5290262588640466
1073489,RVOT,test,20,7,7,26.5,95.0,50.0,1.0,0.9937139358014598,0.5803956570131819
1075188,RVOT,train,26,4,4,26.5,182.75,153.0,1.0,0.9990825990397598,0.6578971761648129
1076905,RVOT,train,13,7,7,24.75,130.0,93.5,1.0,0.999480847073504,0.5899387753800102
