hospital_id,label,split,duration_s,r_peaks,wide_beats,pvc_beats_kept
702840,RVOT,train,6.05,10,3,3
707139,RVOT,train,16.59,22,6,6
708534,RVOT,train,16.01,21,5,5
707971,RVOT,train,16.01,19,10,9
740908,RVOT,test,12.3,13,1,1
741310,RVOT,train,7.73,9,3,3
740262,RVOT,train,11.54,15,9,9
742264,RVOT,train,8.58,13,3,3
743463,RVOT,test,7.57,8,4,4
744192,RVOT,train,16.0,20,5,4
744169,RVOT,train,5.9,11,5,5
744657,RVOT,test,6.64,9,3,3
745450,RVOT,train,13.01,17,6,5
745648,RVOT,train,8.47,11,1,1
757870,RVOT,test,17.22,25,12,12
757884,RVOT,train,14.0,16,3,3
760212,RVOT,train,18.35,33,2,2
760568,RVOT,train,2.94,4,1,1
762585,RVOT,train,13.76,18,17,17
762912,LVOT,train,8.97,13,6,6
763536,RVOT,train,11.29,18,2,2
763863,LVOT,test,13.85,18,4,4
763975,RVOT,train,16.09,22,10,10
765410,LVOT,test,20.0,24,5,5
766507,RVOT,train,11.78,17,6,6
766688,RVOT,train,12.39,14,1,1
767156,LVOT,train,9.1,12,6,5
767643,RVOT,test,9.99,17,5,4
770123,RVOT,train,11.1,13,2,2
777318,RVOT,train,49.34,89,1,1
777221,RVOT,train,13.95,24,9,9
777461,LVOT,train,10.0,11,1,1
778335,RVOT,test,16.01,21,3,3
778240,RVOT,train,46.0,67,6,6
778062,RVOT,train,7.67,10,2,2
778725,RVOT,train,9.07,10,3,3
778448,LVOT,train,16.01,20,6,6
779381,RVOT,train,15.2,17,4,4
779858,RVOT,test,8.47,11,4,4
779926,RVOT,train,13.6,17,7,7
781651,LVOT,train,16.02,19,7,6
781873,LVOT,train,9.57,13,4,4
781708,RVOT,test,16.01,23,7,7
782266,LVOT,train,7.82,12,7,7
786873,LVOT,train,7.36,9,4,4
787045,LVOT,train,6.21,9,3,3
789853,RVOT,train,4.4,6,3,3
790920,RVOT,test,15.41,17,2,2
791097,LVOT,train,6.46,9,1,1
791296,RVOT,train,8.16,10,1,1
792062,RVOT,train,11.07,14,5,5
792403,RVOT,train,5.11,5,2,2
793530,LVOT,train,7.64,9,3,3
805885,RVOT,test,6.39,8,3,3
805788,LVOT,train,7.66,9,1,1
808536,LVOT,test,8.15,12,6,6
809339,RVOT,train,37.96,58,13,13
809442,LVOT,train,10.87,14,5,5
810553,LVOT,train,22.26,24,5,5
810713,LVOT,train,7.66,11,3,2
810079,RVOT,train,25.47,32,7,7
810867,RVOT,train,10.1,14,7,7
811736,RVOT,test,9.94,13,3,3
812967,RVOT,train,13.51,16,8,8
813395,RVOT,train,25.0,35,21,21
813999,RVOT,test,20.22,25,2,2
822003,RVOT,train,15.44,17,3,3
822228,LVOT,train,8.01,13,7,7
824020,RVOT,train,16.0,19,8,8
823540,RVOT,train,8.51,11,4,4
825432,LVOT,train,8.25,10,3,3
826564,RVOT,train,14.02,18,1,1
827868,RVOT,test,25.0,33,13,13
829049,RVOT,train,6.91,8,3,3
832701,RVOT,train,25.0,41,17,17
831663,RVOT,train,16.01,28,5,5
834075,RVOT,train,15.95,21,2,2
833965,LVOT,test,16.0,23,12,12
833884,LVOT,test,16.0,23,2,2
833657,RVOT,train,15.0,22,7,7
835287,RVOT,train,10.96,13,3,3
836510,LVOT,train,7.26,10,3,3
837563,RVOT,train,20.0,45,1,1
837656,RVOT,train,27.5,34,17,17
838811,RVOT,test,16.01,22,2,2
839103,RVOT,test,11.5,17,5,4
839361,RVOT,train,9.24,14,5,5
839738,RVOT,test,17.4,20,4,4
840221,RVOT,train,10.63,19,9,9
840297,RVOT,train,20.0,31,22,22
841624,RVOT,train,7.5,12,1,1
842383,RVOT,train,7.27,9,3,3
843936,RVOT,train,13.3,19,4,4
844653,RVOT,test,12.94,18,2,2
846157,RVOT,test,15.93,24,10,10
846421,RVOT,train,9.02,11,4,4
846909,RVOT,train,11.0,15,7,7
847596,RVOT,train,16.01,26,1,1
848620,RVOT,train,30.31,44,3,3
848517,RVOT,train,14.75,23,3,3
848545,RVOT,train,8.68,14,3,3
849027,RVOT,train,14.94,22,6,6
851385,LVOT,test,9.16,13,4,4
851601,RVOT,train,13.07,21,10,9
852357,RVOT,test,14.5,20,5,4
852061,RVOT,test,26.6,39,15,15
852429,LVOT,train,13.07,16,8,8
855066,RVOT,train,13.06,20,1,1
855185,LVOT,train,9.54,13,3,3
855203,RVOT,train,3.4,4,1,1
855840,RVOT,train,9.13,13,6,6
856319,LVOT,train,16.02,25,7,6
858661,RVOT,train,28.23,41,24,24
859568,RVOT,train,5.7,7,3,3
860162,RVOT,test,16.01,18,1,1
861359,RVOT,test,29.51,39,16,16
861318,RVOT,train,9.62,14,5,5
861217,RVOT,train,10.0,15,6,5
861583,RVOT,train,26.76,40,6,6
861759,RVOT,train,4.84,6,1,1
862892,RVOT,train,28.82,36,3,3
864337,RVOT,train,19.34,26,6,6
864482,RVOT,train,4.81,6,2,2
864704,RVOT,train,5.38,6,1,1
865441,RVOT,train,11.35,14,4,4
865580,RVOT,test,9.45,10,3,3
865891,RVOT,train,17.09,20,4,4
865749,RVOT,test,9.77,16,7,7
866996,LVOT,train,13.16,19,7,7
866682,LVOT,train,9.0,12,4,3
868445,RVOT,train,20.39,32,14,14
869763,LVOT,test,6.58,10,2,2
870092,RVOT,train,24.04,33,3,3
869956,LVOT,train,9.88,14,7,7
869487,RVOT,test,3.97,5,2,2
868553,RVOT,train,11.6,14,2,2
871373,RVOT,train,8.17,12,6,6
872336,LVOT,train,14.01,14,4,4
872987,RVOT,train,10.34,14,3,3
873791,RVOT,train,4.14,5,1,1
875326,RVOT,train,6.8,9,4,4
875558,RVOT,train,8.0,10,6,6
875515,LVOT,train,14.67,20,1,1
875993,RVOT,test,15.59,25,4,4
877229,RVOT,train,8.46,13,5,5
877489,LVOT,train,9.03,9,5,4
879425,LVOT,train,3.1,3,1,1
880806,RVOT,train,9.63,8,2,2
880464,LVOT,train,8.14,12,5,5
881401,RVOT,train,9.86,10,3,3
882325,RVOT,train,10.23,17,6,6
882311,RVOT,train,4.45,7,4,3
883440,RVOT,train,47.51,65,18,18
885118,RVOT,train,10.36,15,6,6
885079,RVOT,train,8.81,12,3,3
886784,RVOT,train,14.01,23,15,15
887779,LVOT,train,10.51,13,7,6
887948,LVOT,test,10.42,16,15,14
888241,LVOT,train,2.9,3,1,1
888019,RVOT,train,9.11,12,6,6
891363,LVOT,train,15.4,19,8,8
893197,RVOT,train,10.51,20,6,5
893481,LVOT,train,8.83,10,6,5
893994,RVOT,test,3.86,6,1,1
896260,RVOT,test,13.49,19,1,1
897211,RVOT,train,10.0,14,1,1
898142,RVOT,train,10.22,15,3,3
899270,LVOT,train,9.6,11,3,3
898498,RVOT,train,9.01,12,6,6
899182,RVOT,train,7.27,9,3,2
899822,RVOT,test,22.37,29,7,6
902131,RVOT,train,12.79,18,8,8
901632,LVOT,train,10.51,18,2,2
902441,LVOT,train,3.7,6,3,2
903690,RVOT,train,34.89,42,2,2
904933,LVOT,train,5.54,7,2,2
905245,RVOT,train,7.15,10,5,5
906279,RVOT,train,11.07,13,5,5
906321,LVOT,train,8.8,10,3,3
907716,RVOT,train,5.05,9,5,4
907714,RVOT,test,7.05,10,2,2
909086,RVOT,test,10.5,14,7,6
909279,RVOT,train,11.01,15,1,1
910370,RVOT,train,8.81,11,3,3
911986,LVOT,train,7.13,10,3,3
911001,RVOT,test,10.02,18,6,6
914333,LVOT,train,10.02,14,6,6
915010,RVOT,train,14.17,20,5,5
914921,RVOT,train,25.0,42,22,22
915065,LVOT,train,13.03,16,4,4
915033,RVOT,train,16.0,18,1,1
916739,LVOT,train,9.52,16,8,7
917348,RVOT,train,14.0,22,2,2
919232,RVOT,train,7.0,10,3,3
920827,RVOT,train,5.78,7,1,1
920969,LVOT,train,12.82,17,1,1
921728,RVOT,train,16.02,28,10,10
922658,RVOT,train,23.4,38,9,9
923938,RVOT,train,20.0,26,2,2
924315,RVOT,train,26.37,35,12,12
924959,RVOT,train,16.0,18,10,9
926419,RVOT,test,16.0,20,4,4
928501,LVOT,test,12.03,18,1,1
929662,LVOT,test,25.0,47,34,34
928596,RVOT,train,6.95,10,4,4
930882,RVOT,train,7.46,11,2,2
931393,RVOT,test,16.72,27,6,6
931371,RVOT,train,16.0,28,3,3
932457,RVOT,train,48.67,59,3,3
933908,LVOT,train,9.67,12,1,1
935074,RVOT,test,12.01,16,8,7
935802,RVOT,train,22.83,34,11,11
936021,RVOT,train,9.07,10,2,2
936628,RVOT,train,20.86,26,5,5
937071,LVOT,train,16.05,21,5,5
937352,LVOT,train,14.37,23,6,6
937329,RVOT,train,16.0,21,5,5
938165,RVOT,test,59.32,72,2,2
939371,RVOT,test,18.11,22,2,2
940412,RVOT,train,51.94,84,29,29
939853,LVOT,train,16.02,21,6,6
941599,RVOT,train,14.42,17,6,6
944160,RVOT,train,5.7,8,2,2
944739,RVOT,train,28.38,35,3,3
946273,RVOT,train,7.62,10,2,2
948109,RVOT,train,5.62,7,2,2
949589,RVOT,train,16.0,19,6,6
949989,RVOT,train,14.88,20,8,8
950311,RVOT,test,10.24,12,3,3
951465,LVOT,train,7.53,11,10,9
951633,LVOT,train,9.61,13,3,3
952036,RVOT,train,35.0,49,21,21
953509,RVOT,train,2.98,4,2,2
954965,RVOT,train,7.88,12,6,6
954933,RVOT,train,31.76,50,35,35
954735,RVOT,train,25.23,25,12,12
954891,RVOT,train,16.01,23,6,6
956618,RVOT,train,5.33,8,4,4
957816,RVOT,train,12.37,14,4,4
958132,RVOT,train,7.2,9,3,3
959162,LVOT,test,7.69,8,2,2
959754,RVOT,train,6.47,7,4,4
960365,LVOT,test,8.87,10,4,4
962438,RVOT,train,8.4,13,2,1
962668,RVOT,train,7.09,11,8,7
964638,LVOT,train,25.0,34,14,14
965382,RVOT,train,25.0,31,10,10
966796,RVOT,train,20.05,26,5,5
966571,LVOT,train,9.49,13,4,4
966801,RVOT,train,10.25,14,2,2
967769,RVOT,test,11.47,16,8,8
969272,RVOT,train,8.02,10,5,5
970213,RVOT,train,21.75,25,5,5
970087,RVOT,train,13.01,22,8,8
973061,RVOT,train,21.73,31,10,9
974495,RVOT,test,12.55,18,9,8
976147,RVOT,train,11.26,16,6,6
976401,RVOT,train,10.3,15,5,5
976359,RVOT,train,27.4,40,7,7
977412,RVOT,train,24.1,35,20,20
976913,RVOT,train,15.2,18,8,8
978916,RVOT,train,24.76,37,1,1
980242,RVOT,train,9.05,11,3,2
981890,RVOT,test,9.52,14,7,7
982506,RVOT,train,4.25,6,3,2
986604,RVOT,train,12.02,14,7,7
988077,RVOT,train,20.69,24,7,7
988362,RVOT,train,9.7,12,4,4
988990,RVOT,train,7.64,12,1,1
990201,LVOT,train,6.8,10,5,5
990964,LVOT,train,14.26,19,7,7
990309,LVOT,test,13.12,16,5,5
990904,RVOT,train,11.92,17,8,8
991591,RVOT,test,12.12,15,5,5
992913,LVOT,train,12.0,18,3,3
997591,RVOT,train,10.62,14,4,4
998419,RVOT,train,7.58,11,5,5
999741,RVOT,train,35.42,47,13,13
1000364,RVOT,train,5.93,7,1,1
1000436,RVOT,test,5.38,7,4,3
1003549,RVOT,train,13.02,21,5,5
1003838,RVOT,train,30.14,37,5,5
1010096,LVOT,train,7.29,11,6,6
1009731,RVOT,test,8.26,20,4,4
1010240,RVOT,test,20.1,26,2,2
1011746,LVOT,train,30.0,38,18,18
1012874,RVOT,train,46.4,57,1,1
1014397,RVOT,train,13.01,24,8,8
1014570,RVOT,train,20.42,27,5,5
1015313,LVOT,train,3.42,4,1,1
1015792,RVOT,train,13.6,18,5,5
1016888,RVOT,train,20.0,31,2,2
1018517,RVOT,train,5.51,7,2,2
1018576,RVOT,test,20.0,29,3,3
1018951,RVOT,train,13.01,16,1,1
1020065,RVOT,test,13.01,15,8,7
1021446,RVOT,train,5.21,6,3,3
1022064,RVOT,train,20.0,32,6,6
1022324,LVOT,test,13.01,14,4,4
1023765,RVOT,train,17.45,22,4,4
1024499,RVOT,train,13.19,17,5,5
1024883,RVOT,train,9.0,11,6,6
1024809,RVOT,test,16.97,21,8,8
1025769,RVOT,train,8.77,15,7,6
1026923,RVOT,train,24.82,29,1,1
1027733,RVOT,train,9.34,13,4,4
1029327,RVOT,train,53.72,81,18,18
1029683,LVOT,test,13.0,16,3,3
1030919,RVOT,test,30.0,35,5,5
1032830,RVOT,train,9.51,13,1,1
1033064,LVOT,train,11.3,13,4,4
1033211,RVOT,train,12.16,15,3,3
1034625,RVOT,train,9.69,13,6,6
1034448,RVOT,train,22.45,32,2,2
1036425,RVOT,test,8.51,12,3,3
1035943,LVOT,train,27.56,42,2,2
1037884,RVOT,train,6.9,9,3,3
1038743,LVOT,train,7.53,8,3,3
1039602,RVOT,train,17.21,29,8,8
1041003,RVOT,train,30.89,48,2,2
1064513,RVOT,train,12.12,17,6,6
1064886,RVOT,train,9.66,15,4,4
1067472,RVOT,train,9.27,10,2,2
1067416,RVOT,train,13.0,16,8,8
1067551,RVOT,train,9.41,14,5,5
1067684,RVOT,train,7.93,13,6,6
1073489,RVOT,test,13.26,20,7,7
1075188,RVOT,train,17.1,26,4,4
1076905,RVOT,train,9.4,13,7,7
